[
  {
    "index": 0,
    "previous_hash": "0",
    "author": "",
    "signature_r": "",
    "signature_s": "",
    "signature_v": 0,
    "hash": "2282c46637becfbe1f0f11d6d7d878ba1fa6c41fe5cad3bbdede42f6e5ac36e3",
    "transactions": [
      {
        "from": "0xGENESIS",
        "data": {
          "function_call_type": "Transfer",
          "arguments": "{\"to\":\"0xdeb4cfb63db134698e1879ea24904df074726cc0\",\"value\":30}"
        },
        "nonce": 0,
        "signature_r": "",
        "signature_s": "",
        "signature_v": 0,
        "hash": "fee25e2c3b1bb30f6fba65fb26e06c0dc52e32393ccaa7fa669318e58da43799"
      },
      {
        "from": "0xGENESIS",
        "data": {
          "function_call_type": "Transfer",
          "arguments": "{\"to\":\"0xa300e57228487edb1f5c0e737cbfc72d126b5bc2\",\"value\":90}"
        },
        "nonce": 0,
        "signature_r": "",
        "signature_s": "",
        "signature_v": 0,
        "hash": "6d47d49136d276f97175abe79bf6b1e3c2f92652a51a032e6a39b333ff998bef"
      },
      {
        "from": "0xGENESIS",
        "data": {
          "function_call_type": "Transfer",
          "arguments": "{\"to\":\"0xac20ff4e42ff243046faaf032068762dd2c018dc\",\"value\":80}"
        },
        "nonce": 0,
        "signature_r": "",
        "signature_s": "",
        "signature_v": 0,
        "hash": "c3376ae85d1eaf774819cf05def77f7cf53364153d29f2e921b5b37f65ca4592"
      },
      {
        "from": "0xGENESIS",
        "data": {
          "function_call_type": "Transfer",
          "arguments": "{\"to\":\"0xa91101310bee451ca0e219aba08d8d4dd929f16c\",\"value\":20}"
        },
        "nonce": 0,
        "signature_r": "",
        "signature_s": "",
        "signature_v": 0,
        "hash": "2aadb733872b02a6600a772f93eb1da08afe105c9454ee026798961b3265f9dd"
      },
      {
        "from": "0xGENESIS",
        "data": {
          "function_call_type": "Transfer",
          "arguments": "{\"to\":\"0x37adf81cb1f18762042e5da03a55f1e54ba66870\",\"value\":45}"
        },
        "nonce": 0,
        "signature_r": "",
        "signature_s": "",
        "signature_v": 0,
        "hash": "bb2bf39a1a542346d3d4d7e33d4f8ee26aa18f022a7510aafaed3a3ce3e88b90"
      }
    ]
  },
  {
    "index": 1,
    "previous_hash": "2282c46637becfbe1f0f11d6d7d878ba1fa6c41fe5cad3bbdede42f6e5ac36e3",
    "author": "0xc4f3f661a43e099aedb8e396d9de1a831a1b4adc",
    "signature_r": "ff47f4f7a3770a8089ca70c6d354732d9c3d01a7f9e2ade6fc7a4af2ae75c250",
    "signature_s": "46518097fc195b86113da6ab87471d33f95c0f2ef608cff0075e5b13906b3c9a",
    "signature_v": 28,
    "hash": "c5394bbf579194fa3302f7887bcbbb7c0d5f1788f1d53d9ae7beb484902b699a",
    "transactions": [
      {
        "from": "0xdeb4cfb63db134698e1879ea24904df074726cc0",
        "data": {
          "function_call_type": "RideRequest",
          "arguments": "{\"pickup_location\":{\"latitude\":35.55841414973938,\"longitude\":51.23861773552397},\"dropoff_location\":{\"latitude\":26.649646426996483,\"longitude\":55.857706441083984},\"fare\":20}"
        },
        "nonce": 1,
        "signature_r": "01f3f8d75f7e9698e400e38e419320fc6c4971b546f2831af456325a443d7ccb",
        "signature_s": "6d34d148cfe67fe20020db74d370e7b85b204ca0af97660f687acc95ee0e4930",
        "signature_v": 27,
        "hash": "70d4cd23a2fc6c636ed1ac7744a7d58869ec95f7066d8441645821a0420f0164"
      }
    ]
  },
  {
    "index": 2,
    "previous_hash": "c5394bbf579194fa3302f7887bcbbb7c0d5f1788f1d53d9ae7beb484902b699a",
    "author": "0xc4f3f661a43e099aedb8e396d9de1a831a1b4adc",
    "signature_r": "d2749af8ae1586274485a4ae6568fb6272cadcec43f7b4744e6ef0811dac4143",
    "signature_s": "762c96facc7b072d52a5c8cf2e8a70253702842ee8b9a57d869766795b33f13d",
    "signature_v": 28,
    "hash": "8d4d20f8ff0cfa5af850277c8eafe0927237e8c430e5988794172e1432cf6521",
    "transactions": [
      {
        "from": "0x8f19077627cde4848b090c53c83b12956837d5e9",
        "data": {
          "function_call_type": "RideOffer",
          "arguments": "{\"ride_request_transaction_hash\":\"70d4cd23a2fc6c636ed1ac7744a7d58869ec95f7066d8441645821a0420f0164\",\"fare\":30}"
        },
        "nonce": 1,
        "signature_r": "9eeef6f4f2121b4a107f49b321f1b00be9cec2b3a396addbde5947de3b2d6b1a",
        "signature_s": "3a49d4a808979132732d1971676f9233db6eb2f91c08f5a13903e3e2ba6dbb1d",
        "signature_v": 28,
        "hash": "c72839a57eeb93971409828845ef0b443ccb8f50a18ebf9559dba39c639633a7"
      }
    ]
  },
  {
    "index": 3,
    "previous_hash": "8d4d20f8ff0cfa5af850277c8eafe0927237e8c430e5988794172e1432cf6521",
    "author": "0xc4f3f661a43e099aedb8e396d9de1a831a1b4adc",
    "signature_r": "1ece45885535b544ea430b1b559fe5cb8f318c7ca3814c4e66404317f4ad1449",
    "signature_s": "702458fec251e2280d1f4832c7217f15fab1fffedfeded100973b7b006c920c5",
    "signature_v": 27,
    "hash": "17dbe80474e39c788b44a60d1b639eac0fac67d588faf83d65f128efe3a5b961",
    "transactions": [
      {
        "from": "0xdeb4cfb63db134698e1879ea24904df074726cc0",
        "data": {
          "function_call_type": "RideAcceptance",
          "arguments": "{\"ride_offer_transaction_hash\":\"c72839a57eeb93971409828845ef0b443ccb8f50a18ebf9559dba39c639633a7\"}"
        },
        "nonce": 2,
        "signature_r": "26d53c97a4a62050dadf3653a21b438fc0571916533505f875abea6fc9bde301",
        "signature_s": "1b37cf0265e8ca603e5e74ab6be32285bb34dce6cb13e696946c186b2a36abcb",
        "signature_v": 28,
        "hash": "856a5dae6fee5f249dbd144321ca28badd9297088d4927af27069e37a8cccdd9"
      }
    ]
  },
  {
    "index": 4,
    "previous_hash": "17dbe80474e39c788b44a60d1b639eac0fac67d588faf83d65f128efe3a5b961",
    "author": "0xc4f3f661a43e099aedb8e396d9de1a831a1b4adc",
    "signature_r": "a4bf963e1b3cab3ea0e3f65c27693d2523bc3e9b7b285afc8941e0bd8fe80bd2",
    "signature_s": "7a890dc34fa92fb61c499a2ef07492bc0d39ab8ede135416590c98c184c6ce85",
    "signature_v": 27,
    "hash": "2a615bf4007c6ac19a03f626e95cb468760928a99db3ac287ab98c2945f349d4",
    "transactions": [
      {
        "from": "0xdeb4cfb63db134698e1879ea24904df074726cc0",
        "data": {
          "function_call_type": "RidePay",
          "arguments": "{\"ride_acceptance_transaction_hash\":\"856a5dae6fee5f249dbd144321ca28badd9297088d4927af27069e37a8cccdd9\",\"fare\":5}"
        },
        "nonce": 3,
        "signature_r": "b61859fd045289803dff1a7ff80f56308a4e3b5fdf944738df702ccf64df1af5",
        "signature_s": "57919f3565c8b3a4aa0f7d504e49ccba3eb70d37b9905f7510f5f6ddee4e9362",
        "signature_v": 28,
        "hash": "d706021a53a728d578a1ea0447f197454cbbf79ede78756f6fe75153d444186a"
      }
    ]
  },
  {
    "index": 5,
    "previous_hash": "2a615bf4007c6ac19a03f626e95cb468760928a99db3ac287ab98c2945f349d4",
    "author": "0xc4f3f661a43e099aedb8e396d9de1a831a1b4adc",
    "signature_r": "681a89f22bdfcce6d914dc11526ea28e2f11c22ec2f86b7d883d57ecd99fd93a",
    "signature_s": "2d6a2de7bc70971941228d45397cbaf29f506d5e23474f6fdab39dda58885021",
    "signature_v": 27,
    "hash": "c18e2f7e37abee66c8a60e19ac8d6dbac5f2866b61521f1e254313da1eda03a3",
    "transactions": [
      {
        "from": "0xdeb4cfb63db134698e1879ea24904df074726cc0",
        "data": {
          "function_call_type": "RidePay",
          "arguments": "{\"ride_acceptance_transaction_hash\":\"856a5dae6fee5f249dbd144321ca28badd9297088d4927af27069e37a8cccdd9\",\"fare\":10}"
        },
        "nonce": 4,
        "signature_r": "4e22af43d5e373eded9d18e035b3b235f502df902f68f95e61a5802127e143b2",
        "signature_s": "66625c36b3698282ffe9d0bd59efd945249690945e7c94239dacaeadf94336e7",
        "signature_v": 27,
        "hash": "03a24a7b02edee708d4c713531252a46cbe329b84905bd85e05c7eb929648f5d"
      }
    ]
  },
  {
    "index": 6,
    "previous_hash": "c18e2f7e37abee66c8a60e19ac8d6dbac5f2866b61521f1e254313da1eda03a3",
    "author": "0xc4f3f661a43e099aedb8e396d9de1a831a1b4adc",
    "signature_r": "d781961bbf7ed0f313c477778c8da3f33b63c525d22d48a8ca14c9b95621e1b6",
    "signature_s": "1ffdbe958a05c1e3ca93449aba1791d75f4420eb8b1b988b5f054f9fd90534a7",
    "signature_v": 27,
    "hash": "e75f3f84fca88ee55659e1edb78989ef0391c0db59e947a85e5bce66b3068375",
    "transactions": [
      {
        "from": "0xdeb4cfb63db134698e1879ea24904df074726cc0",
        "data": {
          "function_call_type": "RidePay",
          "arguments": "{\"ride_acceptance_transaction_hash\":\"856a5dae6fee5f249dbd144321ca28badd9297088d4927af27069e37a8cccdd9\",\"fare\":10}"
        },
        "nonce": 5,
        "signature_r": "046324995ff61cd310537ecaaba14182e1dba532b95ba0434014e9602a264c52",
        "signature_s": "2e0899c37c3fee611b8f691fd9fc7905dd2b6e803f68a588ca08612097c349e0",
        "signature_v": 27,
        "hash": "0c252d25c5ccf514c29aa451928c6a9fa1fbdd0f8e701427ebb942acfeeedc04"
      }
    ]
  },
  {
    "index": 7,
    "previous_hash": "e75f3f84fca88ee55659e1edb78989ef0391c0db59e947a85e5bce66b3068375",
    "author": "0xc4f3f661a43e099aedb8e396d9de1a831a1b4adc",
    "signature_r": "95b15340b65cb2911d1036cfb89ea3e818b7ab0f90e2a946bb06c83ee9f462c4",
    "signature_s": "377dd334172c70c02928587c22c4a293284caaa0101aa230e0e11a56326d6fe3",
    "signature_v": 27,
    "hash": "dfb95d32329b2f43b8f9fea2bfc71be518ac6c7eafbfa8e8564d502bd17e9a94",
    "transactions": [
      {
        "from": "0xdeb4cfb63db134698e1879ea24904df074726cc0",
        "data": {
          "function_call_type": "RideCancel",
          "arguments": "{\"ride_acceptance_transaction_hash\":\"856a5dae6fee5f249dbd144321ca28badd9297088d4927af27069e37a8cccdd9\"}"
        },
        "nonce": 6,
        "signature_r": "b053cf2c0528e21ea37cb643634efdba60e40d8f5ec112beb32d787c9e4625a8",
        "signature_s": "4fdb0cd8b54a37060daf851b42c95be80ba396462ab9b2db0800397deeb0007f",
        "signature_v": 27,
        "hash": "b93d1be3387423673b672884783b1553fff22196970ef4e42d17f8d8e4f7170b"
      }
    ]
  }
]
