[
  {
    "index": 0,
    "previous_hash": "0",
    "author": "",
    "signature_r": "",
    "signature_s": "",
    "signature_v": 0,
    "hash": "2282c46637becfbe1f0f11d6d7d878ba1fa6c41fe5cad3bbdede42f6e5ac36e3",
    "transactions": [
      {
        "from": "0xGENESIS",
        "data": {
          "function_call_type": "Transfer",
          "arguments": "{\"to\":\"0xdeb4cfb63db134698e1879ea24904df074726cc0\",\"value\":30}"
        },
        "nonce": 0,
        "signature_r": "",
        "signature_s": "",
        "signature_v": 0,
        "hash": "fee25e2c3b1bb30f6fba65fb26e06c0dc52e32393ccaa7fa669318e58da43799"
      },
      {
        "from": "0xGENESIS",
        "data": {
          "function_call_type": "Transfer",
          "arguments": "{\"to\":\"0xa300e57228487edb1f5c0e737cbfc72d126b5bc2\",\"value\":90}"
        },
        "nonce": 0,
        "signature_r": "",
        "signature_s": "",
        "signature_v": 0,
        "hash": "6d47d49136d276f97175abe79bf6b1e3c2f92652a51a032e6a39b333ff998bef"
      },
      {
        "from": "0xGENESIS",
        "data": {
          "function_call_type": "Transfer",
          "arguments": "{\"to\":\"0xac20ff4e42ff243046faaf032068762dd2c018dc\",\"value\":80}"
        },
        "nonce": 0,
        "signature_r": "",
        "signature_s": "",
        "signature_v": 0,
        "hash": "c3376ae85d1eaf774819cf05def77f7cf53364153d29f2e921b5b37f65ca4592"
      },
      {
        "from": "0xGENESIS",
        "data": {
          "function_call_type": "Transfer",
          "arguments": "{\"to\":\"0xa91101310bee451ca0e219aba08d8d4dd929f16c\",\"value\":20}"
        },
        "nonce": 0,
        "signature_r": "",
        "signature_s": "",
        "signature_v": 0,
        "hash": "2aadb733872b02a6600a772f93eb1da08afe105c9454ee026798961b3265f9dd"
      },
      {
        "from": "0xGENESIS",
        "data": {
          "function_call_type": "Transfer",
          "arguments": "{\"to\":\"0x37adf81cb1f18762042e5da03a55f1e54ba66870\",\"value\":45}"
        },
        "nonce": 0,
        "signature_r": "",
        "signature_s": "",
        "signature_v": 0,
        "hash": "bb2bf39a1a542346d3d4d7e33d4f8ee26aa18f022a7510aafaed3a3ce3e88b90"
      }
    ]
  },
  {
    "index": 1,
    "previous_hash": "2282c46637becfbe1f0f11d6d7d878ba1fa6c41fe5cad3bbdede42f6e5ac36e3",
    "author": "0x9b6e8afff8329743cac73dbef83ca3cbf9a74c20",
    "signature_r": "d685a08c1c91a57f6bc7a020b882b3642e613dd2150c807d632a056fa542a691",
    "signature_s": "7b6b9d703d2137792fb4cf6fda29fceefce7a157367146642d563ba55bcf986e",
    "signature_v": 28,
    "hash": "b91042e0a947e90107d661cbaae3863d29d0a471a51f6d4615f801eb3e5e8058",
    "transactions": [
      {
        "from": "0xdeb4cfb63db134698e1879ea24904df074726cc0",
        "data": {
          "function_call_type": "Transfer",
          "arguments": "{\"to\":\"0x8f19077627cde4848b090c53c83b12956837d5e9\",\"value\":20}"
        },
        "nonce": 1,
        "signature_r": "3b0cb46ae73d852bb75653ed1f1710676b0b736cd33aefc0c96e6e11417a4c32",
        "signature_s": "296086bdc703286c0727c59e07b727cadfc2fe7b9c061149e4a86e726ed23908",
        "signature_v": 27,
        "hash": "0086095648e3160d0dfa5d40bdf4693d8a00d77ed3fb3b607156465b3e0de2db"
      }
    ]
  }
]
